{"cameraMode":{"drawMode":0,"name":"Shaded","section":"Shading Mode"},"sceneLighting":true,"audioPlay":false,"sceneViewState":{"showFog":true,"showMaterialUpdate":true,"showSkybox":true,"showFlares":true,"showImageEffects":true,"showParticleSystems":true},"in2DMode":false,"pivot":{"x":-2.1566286087036135,"y":-0.17918109893798829,"z":-6.519872665405273},"rotation":{"x":-0.032513659447431567,"y":0.9619175791740418,"z":-0.23724313080310822,"w":-0.1318284571170807},"size":26.283191680908204,"orthographic":false}