{"cameraMode":{"drawMode":0,"name":"Shaded","section":"Shading Mode"},"sceneLighting":false,"audioPlay":false,"sceneViewState":{"showFog":true,"showMaterialUpdate":true,"showSkybox":false,"showFlares":true,"showImageEffects":true,"showParticleSystems":true},"in2DMode":false,"pivot":{"x":-2.558990001678467,"y":1.766167163848877,"z":-6.559967994689941},"rotation":{"x":-0.2824527323246002,"y":0.05377896875143051,"z":-0.01586243137717247,"w":-0.957656979560852},"size":2.8620498180389406,"orthographic":false}